<?xml version="1.0" encoding="UTF-8"?>
<assembly>
  <id>edeploy</id>
  <formats>
    <format>zip</format>
  </formats>
  <baseDirectory>/</baseDirectory>
  <fileSets>
    <fileSet>
      <directory>src/main/assembly/edeploy</directory>
      <outputDirectory></outputDirectory>            
    </fileSet>
    <fileSet>
      <directory>target</directory>
      <outputDirectory>deploy</outputDirectory>      
      <includes>
        <include>*.ear</include>        
      </includes>      
    </fileSet>
  </fileSets>
</assembly>