<!DOCTYPE properties SYSTEM "http://java.sun.com/dtd/properties.dtd">
<properties>
	<!-- base url of the imageviewer-->
	<entry key="baseUrl">http://imageviewer.kb.nl/ImagingService/imagingService</entry>

	<!-- parameter names -->
	<entry key="paramName.coords">coords</entry>
	<entry key="paramName.words">words</entry>
	<entry key="paramName.id">id</entry>
	<entry key="paramName.x">x</entry>
	<entry key="paramName.y">y</entry>
	<entry key="paramName.w">w</entry>
	<entry key="paramName.h">h</entry>
	<entry key="paramName.s">s</entry>
      <entry key="paramName.q">q</entry>
      <entry key="paramValue.q">25</entry>
</properties>
