<?xml version="1.0" encoding="UTF-8"?>

<!-- ===================================================================== -->
<!--                                                                       -->
<!--  JBoss Server Configuration                                           -->
<!--                                                                       -->
<!-- ===================================================================== -->

<datasources xmlns="urn:jboss:domain:datasources:1.0">
  <datasource jndi-name="GeoserviceDS" pool-name="GeoserviceDS">

	<connection-url>jdbc:oracle:thin:@(DESCRIPTION=(ADDRESS_LIST=
		(ADDRESS=(HOST=orascan-ota.wpakb.kb.nl)(PROTOCOL=TCP)(PORT=1521))
	  	)(CONNECT_DATA=(SERVICE_NAME=vgao)))
  	</connection-url>

   <driver>com.oracle.jdbc</driver>
   <security>
    <user-name>geopaper</user-name>
    <password>REPAPOEG</password>
   </security>
   <pool>   
    <min-pool-size>0</min-pool-size>
    <max-pool-size>50</max-pool-size>
   </pool>
   
	<validation>
		<valid-connection-checker class-name="org.jboss.jca.adapters.jdbc.extensions.oracle.OracleValidConnectionChecker"></valid-connection-checker>
		<stale-connection-checker class-name="org.jboss.jca.adapters.jdbc.extensions.oracle.OracleStaleConnectionChecker"></stale-connection-checker>
		<exception-sorter class-name="org.jboss.jca.adapters.jdbc.extensions.oracle.OracleExceptionSorter"></exception-sorter>
	</validation>
   
  </datasource>
 </datasources>
